{"cameraMode":{"drawMode":0,"name":"Shaded","section":"Shading Mode"},"sceneLighting":true,"audioPlay":false,"sceneViewState":{"showFog":true,"showMaterialUpdate":true,"showSkybox":true,"showFlares":true,"showImageEffects":true,"showParticleSystems":true},"in2DMode":false,"pivot":{"x":0.17180290818214417,"y":-0.259769082069397,"z":1.1394712924957276},"rotation":{"x":-0.22209599614143372,"y":-0.22149482369422913,"z":-0.0518852174282074,"w":0.9481146931648254},"size":0.8636414408683777,"orthographic":false}